{"cameraMode":{"drawMode":0,"name":"Shaded","section":"Shading Mode"},"sceneLighting":false,"audioPlay":false,"sceneViewState":{"showFog":true,"showMaterialUpdate":true,"showSkybox":true,"showFlares":true,"showImageEffects":true,"showParticleSystems":true},"in2DMode":false,"pivot":{"x":97.61616516113281,"y":8.934744834899903,"z":10.97597599029541},"rotation":{"x":-0.004193877335637808,"y":0.46755486726760867,"z":0.004240751266479492,"w":0.8841736912727356},"size":21.271442413330079,"orthographic":false}