{"cameraMode":{"drawMode":0,"name":"Shaded","section":"Shading Mode"},"sceneLighting":false,"audioPlay":false,"sceneViewState":{"showFog":true,"showMaterialUpdate":false,"showSkybox":false,"showFlares":true,"showImageEffects":true,"showParticleSystems":true},"in2DMode":false,"pivot":{"x":-8.165572166442871,"y":6.1912360191345219,"z":15.648642539978028},"rotation":{"x":0.3372853696346283,"y":-0.2038736194372177,"z":0.0750855877995491,"w":0.9160076975822449},"size":36.5432243347168,"orthographic":false}