{"cameraMode":{"drawMode":0,"name":"Shaded","section":"Shading Mode"},"sceneLighting":false,"audioPlay":false,"sceneViewState":{"showFog":true,"showMaterialUpdate":true,"showSkybox":false,"showFlares":true,"showImageEffects":true,"showParticleSystems":true},"in2DMode":false,"pivot":{"x":5.388249397277832,"y":0.9392756223678589,"z":-1.120058298110962},"rotation":{"x":-0.061781033873558047,"y":0.0015526124043390155,"z":-0.0006114334682933986,"w":-0.9982500076293945},"size":2.107891798019409,"orthographic":false}