{"cameraMode":{"drawMode":0,"name":"Shaded","section":"Shading Mode"},"sceneLighting":false,"audioPlay":false,"sceneViewState":{"showFog":true,"showMaterialUpdate":true,"showSkybox":true,"showFlares":true,"showImageEffects":true,"showParticleSystems":true},"in2DMode":false,"pivot":{"x":-109.53489685058594,"y":-6.705297470092773,"z":280.4358825683594},"rotation":{"x":-0.017682306468486787,"y":0.22901462018489839,"z":-0.00480463495478034,"w":-0.9734044671058655},"size":165.08876037597657,"orthographic":false}