{"cameraMode":{"drawMode":0,"name":"Shaded","section":"Shading Mode"},"sceneLighting":false,"audioPlay":false,"sceneViewState":{"showFog":true,"showMaterialUpdate":true,"showSkybox":false,"showFlares":true,"showImageEffects":true,"showParticleSystems":true},"in2DMode":false,"pivot":{"x":4.215000152587891,"y":1.7999999523162842,"z":0.0},"rotation":{"x":-0.016814593225717546,"y":-0.002923552645370364,"z":-0.000494650099426508,"w":-1.0000123977661133},"size":6.1194748878479,"orthographic":false}