{"cameraMode":{"drawMode":0,"name":"Shaded","section":"Shading Mode"},"sceneLighting":false,"audioPlay":false,"sceneViewState":{"showFog":true,"showMaterialUpdate":true,"showSkybox":true,"showFlares":true,"showImageEffects":true,"showParticleSystems":true},"in2DMode":false,"pivot":{"x":137.06236267089845,"y":6.63875150680542,"z":-9.047199249267579},"rotation":{"x":-0.03426874056458473,"y":-0.6970674991607666,"z":-0.031004078686237336,"w":0.7157967686653137},"size":5.910699367523193,"orthographic":false}