{"cameraMode":{"drawMode":0,"name":"Shaded","section":"Shading Mode"},"sceneLighting":false,"audioPlay":false,"sceneViewState":{"showFog":true,"showMaterialUpdate":true,"showSkybox":true,"showFlares":true,"showImageEffects":true,"showParticleSystems":true},"in2DMode":false,"pivot":{"x":4.551618576049805,"y":2.587700128555298,"z":-0.4847432076931},"rotation":{"x":0.13102468848228455,"y":-0.6879911422729492,"z":0.1310042440891266,"w":0.7019670009613037},"size":-1.5170691013336182,"orthographic":false}