{"cameraMode":{"drawMode":0,"name":"Shaded","section":"Shading Mode"},"sceneLighting":false,"audioPlay":false,"sceneViewState":{"showFog":true,"showMaterialUpdate":false,"showSkybox":false,"showFlares":true,"showImageEffects":true,"showParticleSystems":true},"in2DMode":false,"pivot":{"x":5.4414262771606449,"y":1.6002119779586793,"z":3.935349702835083},"rotation":{"x":0.04467136785387993,"y":-0.012890482321381569,"z":-0.0005765592795796692,"w":-0.9989187717437744},"size":2.3719277381896974,"orthographic":false}