{"cameraMode":{"drawMode":0,"name":"Shaded","section":"Shading Mode"},"sceneLighting":false,"audioPlay":false,"sceneViewState":{"showFog":true,"showMaterialUpdate":true,"showSkybox":true,"showFlares":true,"showImageEffects":true,"showParticleSystems":true},"in2DMode":false,"pivot":{"x":4.118091106414795,"y":0.664644181728363,"z":-6.429000377655029},"rotation":{"x":0.021232470870018007,"y":-0.5149284601211548,"z":0.014782777987420559,"w":0.8570754528045654},"size":0.34640830755233767,"orthographic":false}