{"cameraMode":{"drawMode":0,"name":"Shaded","section":"Shading Mode"},"sceneLighting":false,"audioPlay":false,"sceneViewState":{"showFog":true,"showMaterialUpdate":true,"showSkybox":true,"showFlares":true,"showImageEffects":true,"showParticleSystems":true},"in2DMode":false,"pivot":{"x":105.60533142089844,"y":-102.38047790527344,"z":165.5594482421875},"rotation":{"x":0.16051988303661347,"y":0.18698331713676454,"z":-0.02903895266354084,"w":0.9689505100250244},"size":247.9159393310547,"orthographic":false}