{"cameraMode":{"drawMode":0,"name":"Shaded","section":"Shading Mode"},"sceneLighting":false,"audioPlay":false,"sceneViewState":{"showFog":true,"showMaterialUpdate":true,"showSkybox":true,"showFlares":true,"showImageEffects":true,"showParticleSystems":true},"in2DMode":false,"pivot":{"x":120.78426361083985,"y":19.35658836364746,"z":-6.294325828552246},"rotation":{"x":-0.11857625097036362,"y":-0.01562546007335186,"z":-0.0001426662056474015,"w":-0.9930620789527893},"size":1.8919677734375,"orthographic":false}