{"cameraMode":{"drawMode":0,"name":"Shaded","section":"Shading Mode"},"sceneLighting":false,"audioPlay":false,"sceneViewState":{"showFog":true,"showMaterialUpdate":true,"showSkybox":true,"showFlares":true,"showImageEffects":true,"showParticleSystems":true},"in2DMode":false,"pivot":{"x":18.74569320678711,"y":2.992755889892578,"z":-2.236030340194702},"rotation":{"x":0.03755272179841995,"y":-0.07949569821357727,"z":0.004735572263598442,"w":0.9963362812995911},"size":1.5170691013336182,"orthographic":false}