{"cameraMode":{"drawMode":0,"name":"Shaded","section":"Shading Mode"},"sceneLighting":false,"audioPlay":false,"sceneViewState":{"showFog":true,"showMaterialUpdate":true,"showSkybox":true,"showFlares":true,"showImageEffects":true,"showParticleSystems":true},"in2DMode":false,"pivot":{"x":124.5141830444336,"y":386.6864929199219,"z":-432.6626281738281},"rotation":{"x":-0.031886596232652667,"y":-0.07093776017427445,"z":0.00009018327546073124,"w":-0.9972019195556641},"size":105.91777801513672,"orthographic":false}