{"cameraMode":{"drawMode":0,"name":"Shaded","section":"Shading Mode"},"sceneLighting":false,"audioPlay":false,"sceneViewState":{"showFog":true,"showMaterialUpdate":true,"showSkybox":true,"showFlares":true,"showImageEffects":true,"showParticleSystems":true},"in2DMode":false,"pivot":{"x":-4.127826690673828,"y":1.5880845785140992,"z":1.5755195617675782},"rotation":{"x":-0.034796737134456637,"y":-0.04489845782518387,"z":0.0010775894625112415,"w":-0.998546302318573},"size":6.169044494628906,"orthographic":false}