{"cameraMode":{"drawMode":0,"name":"Shaded","section":"Shading Mode"},"sceneLighting":false,"audioPlay":false,"sceneViewState":{"showFog":true,"showMaterialUpdate":true,"showSkybox":true,"showFlares":true,"showImageEffects":true,"showParticleSystems":true},"in2DMode":false,"pivot":{"x":165.4754638671875,"y":97.276611328125,"z":-42.06654357910156},"rotation":{"x":-0.1120082214474678,"y":-0.26425617933273318,"z":0.028591593727469446,"w":-0.9577416777610779},"size":32.85128402709961,"orthographic":false}